Model,sdy_count,sdy_tcd,sdy_ace,sdy_pace,sdy_lmi,sdy_latgen
OBS,4.98344366315118,33.86010506297984,71.78673486725098,72.77549694234435,2.684546549548308,3.267876323370678
